Workbook

Sheet Offering Tape
B2: Selected Software and Digital-Market Offerings
B4: Offering Tape — Source Inputs
B6: Issuer | C6: Ticker | D6: Offer Date | E6: Shares Offered (M) | F6: Offer Price / Share | G6: Pre-Deal Shares (M) | H6: Last Trading Price | I6: Thirty-Day Reference Price | J6: One-Year Reference Price | K6: Current Price | L6: Primary Mix | M6: Secondary Mix
B8: Melnora Commerce, Inc. | C8: MLNR | D8: 20X4-11-11 | E8: 7.011847 | F8: 17.20505 | G8: 64.785882 | H8: 18.177841 | I8: 20.823597 | J8: 13.844433 | K8: 21.435431 | L8: 0.270672 | M8: 0.729328
B9: MenuNexa Commerce, Inc. | C9: MNXC | D9: 20X4-09-03 | E9: 10.421268 | F9: 32.41245 | G9: 77.248178 | H9: 41.238251 | I9: 43.795153 | J9: 37.128873 | K9: 30.622835 | L9: 0.119604 | M9: 0.880396
B10: cloudcrm.com, Inc. | C10: CCRM | D10: 20X4-08-25 | E10: 8.37823 | F10: 57.121978 | G10: 590.79273 | H10: 54.936623 | I10: 44.136513 | J10: 62.235829 | K10: 52.041108 | L10: 0 | M10: 1
B11: Qryvanta Networks, Inc. | C11: QRYV | D11: 20X4-08-11 | E11: 6.820976 | F11: 42.255195 | G11: 49.4415 | H11: 35.54847 | I11: 32.967264 | J11: 37.450416 | K11: 42.403876 | L11: 0 | M11: 1
B12: Delyra Markets, Inc. | C12: DLYR | D12: 20X4-07-17 | E12: 32.282189 | F12: 6.436382 | G12: 124.34684 | H12: 10.119952 | I12: 8.136178 | J12: 7.97292 | K12: 8.92007 | L12: 0 | M12: 1
B13: Rovanta Analytics, Inc. | C13: RVTA | D13: 20X4-06-12 | E13: 5.237124 | F13: 56.240625 | G13: 47.172198 | H13: 50.568735 | I13: 43.283811 | J13: 37.443594 | K13: 52.162909 | L13: 1 | M13: 0
B14: Carovia Systems, Inc. | C14: CRVA | D14: 20X4-05-21 | E14: 40.662186 | F14: 19.427391 | G14: 737.30717 | H14: 19.355158 | I14: 19.77832 | J14: 16.194238 | K14: 17.396566 | L14: 0 | M14: 1
B15: RateLoom Analytics, Inc. | C15: RTLM | D15: 20X4-03-04 | E15: 13.650817 | F15: 19.876063 | G15: 106.25693 | H15: 18.049678 | I15: 21.956273 | J15: 19.104105 | K15: 14.891445 | L15: 0 | M15: 1
B16: Tavqor Systems, Inc. | C16: TVQR | D16: 20X4-01-14 | E16: 7.377522 | F16: 98.353621 | G16: 207.83055 | H16: 82.884546 | I16: 94.031347 | J16: 68.173009 | K16: 91.479383 | L16: 1 | M16: 0
B17: Nexqori Networks, Inc. | C17: NXQI | D17: 20X4-01-07 | E17: 13.290608 | F17: 10.614013 | G17: 671.13479 | H17: 14.179438 | I17: 9.776711 | J17: 7.141586 | K17: 8.124404 | L17: 0 | M17: 1
B18: Condria Software, Inc. | C18: CNDR | D18: 20X3-12-20 | E18: 66.869329 | F18: 56.203172 | G18: 2461.9657 | H18: 58.480265 | I18: 43.694886 | J18: 39.704575 | K18: 91.384485 | L18: 0.328408 | M18: 0.671592
B19: StayNest, Inc. | C19: NEST | D19: 20X3-12-12 | E19: 6.412817 | F19: 29.84521 | G19: 91.580922 | H19: 42.912484 | I19: 31.970506 | J19: 32.397922 | K19: 26.627244 | L19: 0.070065 | M19: 0.929935
... B26: NestCobalt Software, Inc. | C26: NCBT | D26: 20X3-03-14 | E26: 7.806978 | F26: 27.848981 | G26: 32.962033 | H26: 28.33186 | I26: 27.978126 | J26: 25.227096 | K26: 49.754808 | L26: 0.48167 | M26: 0.51833

Sheet Metric Matrix
B2: Calculated Offering Metrics and Distribution Summary
B4: Calculated Metric | D4: Issuer Columns | X4: Distribution Summary
D6: Melnora Commerce, Inc. | E6: MenuNexa Commerce, Inc. | F6: cloudcrm.com, Inc. | G6: Qryvanta Networks, Inc. | H6: Delyra Markets, Inc. | I6: Rovanta Analytics, Inc. | J6: Carovia Systems, Inc. | K6: RateLoom Analytics, Inc. | L6: Tavqor Systems, Inc. | M6: Nexqori Networks, Inc. | N6: Condria Software, Inc. | O6: StayNest, Inc. | P6: CouponSable Commerce, Inc. | Q6: LocalRater Inc. | R6: Zolqara Analytics, Inc. | S6: Tunqori Media, Inc. | T6: Mavqen Commerce Corporation | U6: HomeMica Group, Inc. | V6: NestCobalt Software, Inc. | X6: Maximum | Y6: Upper Quartile | Z6: Median | AA6: Lower Quartile | AB6: Minimum
B8: Transaction Value | D8: ='Offering Tape'!E8*'Offering Tape'!F8 -> 120.63918 | E8: ='Offering Tape'!E9*'Offering Tape'!F9 -> 337.77883 | F8: ='Offering Tape'!E10*'Offering Tape'!F10 -> 478.58107 | G8: ='Offering Tape'!E11*'Offering Tape'!F11 -> 288.22167 | H8: ='Offering Tape'!E12*'Offering Tape'!F12 -> 207.7805 | I8: ='Offering Tape'!E13*'Offering Tape'!F13 -> 294.53913 | J8: ='Offering Tape'!E14*'Offering Tape'!F14 -> 789.96019 | K8: ='Offering Tape'!E15*'Offering Tape'!F15 -> 271.3245 | L8: ='Offering Tape'!E16*'Offering Tape'!F16 -> 725.606 | M8: ='Offering Tape'!E17*'Offering Tape'!F17 -> 141.06669 | N8: ='Offering Tape'!E18*'Offering Tape'!F18 -> 3758.2684 | O8: ='Offering Tape'!E19*'Offering Tape'!F19 -> 191.39187 | P8: ='Offering Tape'!E20*'Offering Tape'!F20 -> 187.0715 | Q8: ='Offering Tape'!E21*'Offering Tape'!F21 -> 318.7332 | R8: ='Offering Tape'!E22*'Offering Tape'!F22 -> 397.88192 | S8: ='Offering Tape'!E23*'Offering Tape'!F23 -> 447.28623 | T8: ='Offering Tape'!E24*'Offering Tape'!F24 -> 1040.0763 | U8: ='Offering Tape'!E25*'Offering Tape'!F25 -> 581.28011 | V8: ='Offering Tape'!E26*'Offering Tape'!F26 -> 217.41638 | X8: =MAX(D8:V8) -> 3758.2684 | Y8: =QUARTILE(D8:V8,3) -> 529.93059 | Z8: =MEDIAN(D8:V8) -> 318.7332 | AA8: =QUARTILE(D8:V8,1) -> 212.59844 | AB8: =MIN(D8:V8) -> 120.63918
B9: Pre-Offering Equity Value | D9: ='Offering Tape'!H8*'Offering Tape'!G8 -> 1177.6675 | E9: ='Offering Tape'!H9*'Offering Tape'!G9 -> 3185.5798 | F9: ='Offering Tape'!H10*'Offering Tape'!G10 -> 32456.158 | G9: ='Offering Tape'!H11*'Offering Tape'!G11 -> 1757.5697 | H9: ='Offering Tape'!H12*'Offering Tape'!G12 -> 1258.3841 | I9: ='Offering Tape'!H13*'Offering Tape'!G13 -> 2385.4384 | J9: ='Offering Tape'!H14*'Offering Tape'!G14 -> 14270.697 | K9: ='Offering Tape'!H15*'Offering Tape'!G15 -> 1917.9034 | L9: ='Offering Tape'!H16*'Offering Tape'!G16 -> 17225.941 | M9: ='Offering Tape'!H17*'Offering Tape'!G17 -> 9516.3142 | N9: ='Offering Tape'!H18*'Offering Tape'!G18 -> 143976.4 | O9: ='Offering Tape'!H19*'Offering Tape'!G19 -> 3929.9649 | P9: ='Offering Tape'!H20*'Offering Tape'!G20 -> 1939.9352 | Q9: ='Offering Tape'!H21*'Offering Tape'!G21 -> 2946.5726 | R9: ='Offering Tape'!H22*'Offering Tape'!G22 -> 2641.6687 | S9: ='Offering Tape'!H23*'Offering Tape'!G23 -> 5046.697 | T9: ='Offering Tape'!H24*'Offering Tape'!G24 -> 18172.659 | U9: ='Offering Tape'!H25*'Offering Tape'!G25 -> 2903.4354 | V9: ='Offering Tape'!H26*'Offering Tape'!G26 -> 933.8757 | X9: =MAX(D9:V9) -> 143976.4 | Y9: =QUARTILE(D9:V9,3) -> 11893.505 | Z9: =MEDIAN(D9:V9) -> 2946.5726 | AA9: =QUARTILE(D9:V9,1) -> 1928.9193 | AB9: =MIN(D9:V9) -> 933.8757
B10: Offer Premium / (Discount) to Last Trade | D10: ='Offering Tape'!F8/'Offering Tape'!H8-1 -> -0.053515211 | E10: ='Offering Tape'!F9/'Offering Tape'!H9-1 -> -0.21401977 | F10: ='Offering Tape'!F10/'Offering Tape'!H10-1 -> 0.039779566 | G10: ='Offering Tape'!F11/'Offering Tape'!H11-1 -> 0.18866424 | H10: ='Offering Tape'!F12/'Offering Tape'!H12-1 -> -0.36399086 | I10: ='Offering Tape'!F13/'Offering Tape'!H13-1 -> 0.11216199 | J10: ='Offering Tape'!F14/'Offering Tape'!H14-1 -> 0.0037319768 | K10: ='Offering Tape'!F15/'Offering Tape'!H15-1 -> 0.10118657 | L10: ='Offering Tape'!F16/'Offering Tape'!H16-1 -> 0.18663401 | M10: ='Offering Tape'!F17/'Offering Tape'!H17-1 -> -0.25145037 | N10: ='Offering Tape'!F18/'Offering Tape'!H18-1 -> -0.038937802 | O10: ='Offering Tape'!F19/'Offering Tape'!H19-1 -> -0.30450985 | P10: ='Offering Tape'!F20/'Offering Tape'!H20-1 -> -0.18100886 | Q10: ='Offering Tape'!F21/'Offering Tape'!H21-1 -> 0.29970651 | R10: ='Offering Tape'!F22/'Offering Tape'!H22-1 -> -0.064014484 | S10: ='Offering Tape'!F23/'Offering Tape'!H23-1 -> -0.20482053 | T10: ='Offering Tape'!F24/'Offering Tape'!H24-1 -> 0.12305165 | U10: ='Offering Tape'!F25/'Offering Tape'!H25-1 -> -0.090486398 | V10: ='Offering Tape'!F26/'Offering Tape'!H26-1 -> -0.017043675 | X10: =MAX(D10:V10) -> 0.29970651 | Y10: =QUARTILE(D10:V10,3) -> 0.10667428 | Z10: =MEDIAN(D10:V10) -> -0.038937802 | AA10: =QUARTILE(D10:V10,1) -> -0.19291469 | AB10: =MIN(D10:V10) -> -0.36399086
B11: Offer Premium / (Discount) to Thirty-Day Reference | D11: ='Offering Tape'!F8/'Offering Tape'!I8-1 -> -0.17377147 | E11: ='Offering Tape'!F9/'Offering Tape'!I9-1 -> -0.25990783 | F11: ='Offering Tape'!F10/'Offering Tape'!I10-1 -> 0.29421139 | G11: ='Offering Tape'!F11/'Offering Tape'!I11-1 -> 0.28173193 | H11: ='Offering Tape'!F12/'Offering Tape'!I12-1 -> -0.20891824 | I11: ='Offering Tape'!F13/'Offering Tape'!I13-1 -> 0.2993455 | J11: ='Offering Tape'!F14/'Offering Tape'!I14-1 -> -0.017743115 | K11: ='Offering Tape'!F15/'Offering Tape'!I15-1 -> -0.094743311 | L11: ='Offering Tape'!F16/'Offering Tape'!I16-1 -> 0.04596631 | M11: ='Offering Tape'!F17/'Offering Tape'!I17-1 -> 0.085642503 | N11: ='Offering Tape'!F18/'Offering Tape'!I18-1 -> 0.2862643 | O11: ='Offering Tape'!F19/'Offering Tape'!I19-1 -> -0.066476771 | P11: ='Offering Tape'!F20/'Offering Tape'!I20-1 -> -0.059810272 | Q11: ='Offering Tape'!F21/'Offering Tape'!I21-1 -> 0.11565249 | R11: ='Offering Tape'!F22/'Offering Tape'!I22-1 -> 0.17158923 | S11: ='Offering Tape'!F23/'Offering Tape'!I23-1 -> 0.33778369 | T11: ='Offering Tape'!F24/'Offering Tape'!I24-1 -> -0.053802743 | U11: ='Offering Tape'!F25/'Offering Tape'!I25-1 -> 0.19988472 | V11: ='Offering Tape'!F26/'Offering Tape'!I26-1 -> -0.0046159275 | X11: =MAX(D11:V11) -> 0.33778369 | Y11: =QUARTILE(D11:V11,3) -> 0.24080832 | Z11: =MEDIAN(D11:V11) -> 0.04596631 | AA11: =QUARTILE(D11:V11,1) -> -0.063143521 | AB11: =MIN(D11:V11) -> -0.25990783
B12: Offer Premium / (Discount) to One-Year Reference | D12: ='Offering Tape'!F8/'Offering Tape'!J8-1 -> 0.2427414 | E12: ='Offering Tape'!F9/'Offering Tape'!J9-1 -> -0.12702844 | F12: ='Offering Tape'!F10/'Offering Tape'!J10-1 -> -0.082168922 | G12: ='Offering Tape'!F11/'Offering Tape'!J11-1 -> 0.12829708 | H12: ='Offering Tape'!F12/'Offering Tape'!J12-1 -> -0.19271961 | I12: ='Offering Tape'!F13/'Offering Tape'!J13-1 -> 0.50200926 | J12: ='Offering Tape'!F14/'Offering Tape'!J14-1 -> 0.19964836 | K12: ='Offering Tape'!F15/'Offering Tape'!J15-1 -> 0.040407965 | L12: ='Offering Tape'!F16/'Offering Tape'!J16-1 -> 0.44270617 | M12: ='Offering Tape'!F17/'Offering Tape'!J17-1 -> 0.48622631 | N12: ='Offering Tape'!F18/'Offering Tape'!J18-1 -> 0.4155339 | O12: ='Offering Tape'!F19/'Offering Tape'!J19-1 -> -0.078792461 | P12: ='Offering Tape'!F20/'Offering Tape'!J20-1 -> -0.25258734 | Q12: ='Offering Tape'!F21/'Offering Tape'!J21-1 -> 1.2051592 | R12: ='Offering Tape'!F22/'Offering Tape'!J22-1 -> 0.51588478 | S12: ='Offering Tape'!F23/'Offering Tape'!J23-1 -> 1.0523047 | T12: ='Offering Tape'!F24/'Offering Tape'!J24-1 -> 0.16399511 | U12: ='Offering Tape'!F25/'Offering Tape'!J25-1 -> 0.79859857 | V12: ='Offering Tape'!F26/'Offering Tape'!J26-1 -> 0.1039313 | X12: =MAX(D12:V12) -> 1.2051592 | Y12: =QUARTILE(D12:V12,3) -> 0.49411779 | Z12: =MEDIAN(D12:V12) -> 0.19964836 | AA12: =QUARTILE(D12:V12,1) -> -0.019192248 | AB12: =MIN(D12:V12) -> -0.25258734
B13: Price Performance: Offer to Present | D13: ='Offering Tape'!K8/'Offering Tape'!F8-1 -> 0.24588019 | E13: ='Offering Tape'!K9/'Offering Tape'!F9-1 -> -0.055213814 | F13: ='Offering Tape'!K10/'Offering Tape'!F10-1 -> -0.088947725 | G13: ='Offering Tape'!K11/'Offering Tape'!F11-1 -> 0.0035186443 | H13: ='Offering Tape'!K12/'Offering Tape'!F12-1 -> 0.38588263 | I13: ='Offering Tape'!K13/'Offering Tape'!F13-1 -> -0.072504813 | J13: ='Offering Tape'!K14/'Offering Tape'!F14-1 -> -0.10453411 | K13: ='Offering Tape'!K15/'Offering Tape'!F15-1 -> -0.25078498 | L13: ='Offering Tape'!K16/'Offering Tape'!F16-1 -> -0.069893085 | M13: ='Offering Tape'!K17/'Offering Tape'!F17-1 -> -0.23455869 | N13: ='Offering Tape'!K18/'Offering Tape'!F18-1 -> 0.62596668 | O13: ='Offering Tape'!K19/'Offering Tape'!F19-1 -> -0.10782186 | P13: ='Offering Tape'!K20/'Offering Tape'!F20-1 -> -0.52202808 | Q13: ='Offering Tape'!K21/'Offering Tape'!F21-1 -> -0.3946611 | R13: ='Offering Tape'!K22/'Offering Tape'!F22-1 -> -0.020462768 | S13: ='Offering Tape'!K23/'Offering Tape'!F23-1 -> -0.39077865 | T13: ='Offering Tape'!K24/'Offering Tape'!F24-1 -> 0.2213478 | U13: ='Offering Tape'!K25/'Offering Tape'!F25-1 -> -0.054568005 | V13: ='Offering Tape'!K26/'Offering Tape'!F26-1 -> 0.78659348 | X13: =MAX(D13:V13) -> 0.78659348 | Y13: =QUARTILE(D13:V13,3) -> 0.11243322 | Z13: =MEDIAN(D13:V13) -> -0.069893085 | AA13: =QUARTILE(D13:V13,1) -> -0.17119027 | AB13: =MIN(D13:V13) -> -0.52202808
B14: Transaction Value / Pre-Offering Equity Value | D14: =D8/D9 -> 0.10243909 | E14: =E8/E9 -> 0.10603371 | F14: =F8/F9 -> 0.014745463 | G14: =G8/G9 -> 0.16398876 | H14: =H8/H9 -> 0.16511692 | I14: =I8/I9 -> 0.12347379 | J14: =J8/J9 -> 0.055355404 | K14: =K8/K9 -> 0.14146932 | ... V14: =V8/V9 -> 0.23281083 | X14: =MAX(D14:V14) -> 0.23281083 | Y14: =QUARTILE(D14:V14,3) -> 0.14604349 | Z14: =MEDIAN(D14:V14) -> 0.10243909 | AA14: =QUARTILE(D14:V14,1) -> 0.052028031 | AB14: =MIN(D14:V14) -> 0.014745463
